--------------------------------------------------------
--  파일이 생성됨 - 화요일-11월-05-2024   
--------------------------------------------------------
--------------------------------------------------------
--  DDL for Table ALBA_ENT
--------------------------------------------------------

  CREATE TABLE "ALBA_ENT" 
   (	"USERID" VARCHAR2(100) NOT NULL ENABLE, 
	"BUSINESSID" VARCHAR2(100) NOT NULL ENABLE, 
	"CONTACT" VARCHAR2(100) NOT NULL ENABLE, 
	 CONSTRAINT "ALBA_ENT_PK" PRIMARY KEY ("USERID")
  USING INDEX PCTFREE 10 INITRANS 2 MAXTRANS 255 COMPUTE STATISTICS 
  STORAGE(INITIAL 65536 NEXT 1048576 MINEXTENTS 1 MAXEXTENTS 2147483645
  PCTINCREASE 0 FREELISTS 1 FREELIST GROUPS 1 BUFFER_POOL DEFAULT FLASH_CACHE DEFAULT CELL_FLASH_CACHE DEFAULT)
  TABLESPACE "SYSTEM"  ENABLE, 
	 CONSTRAINT "ALBA_ENT_UNIQUE" UNIQUE ("BUSINESSID")
  USING INDEX PCTFREE 10 INITRANS 2 MAXTRANS 255 COMPUTE STATISTICS 
  STORAGE(INITIAL 65536 NEXT 1048576 MINEXTENTS 1 MAXEXTENTS 2147483645
  PCTINCREASE 0 FREELISTS 1 FREELIST GROUPS 1 BUFFER_POOL DEFAULT FLASH_CACHE DEFAULT CELL_FLASH_CACHE DEFAULT)
  TABLESPACE "SYSTEM"  ENABLE, 
	 CONSTRAINT "ALBA_ENT_USER_FK" FOREIGN KEY ("USERID")
	  REFERENCES "ALBA_USER" ("USERID") ON DELETE CASCADE ENABLE
   ) SEGMENT CREATION IMMEDIATE 
  PCTFREE 10 PCTUSED 40 INITRANS 1 MAXTRANS 255 NOCOMPRESS LOGGING
  STORAGE(INITIAL 65536 NEXT 1048576 MINEXTENTS 1 MAXEXTENTS 2147483645
  PCTINCREASE 0 FREELISTS 1 FREELIST GROUPS 1 BUFFER_POOL DEFAULT FLASH_CACHE DEFAULT CELL_FLASH_CACHE DEFAULT)
  TABLESPACE "SYSTEM"
--------------------------------------------------------
--  DDL for Table ALBA_OPEN
--------------------------------------------------------

  CREATE TABLE "ALBA_OPEN" 
   (	"ORDINAL" NUMBER NOT NULL ENABLE, 
	"WORKPLACE_ORD" NUMBER NOT NULL ENABLE, 
	"TITLE" VARCHAR2(100) NOT NULL ENABLE, 
	"DES" VARCHAR2(1024) DEFAULT '' NOT NULL ENABLE, 
	"PAY" NUMBER(9,0) DEFAULT 10300 NOT NULL ENABLE, 
	"OPEN_FROM" VARCHAR2(32) DEFAULT TO_CHAR(CURRENT_TIMESTAMP, 'YYYY-MM-DD HH24:MI:SS TZH:TZM') NOT NULL ENABLE, 
	"OPEN_UNTIL" VARCHAR2(32) DEFAULT TO_CHAR(CURRENT_TIMESTAMP + INTERVAL '7' DAY, 'YYYY-MM-DD HH24:MI:SS TZH:TZM') NOT NULL ENABLE, 
	"STATUS" NUMBER(2,0) DEFAULT 0 NOT NULL ENABLE, 
	"NPEER" NUMBER(4,0) DEFAULT 0 NOT NULL ENABLE, 
	 CONSTRAINT "ALBA_OPEN_PK" PRIMARY KEY ("ORDINAL")
  USING INDEX PCTFREE 10 INITRANS 2 MAXTRANS 255 COMPUTE STATISTICS 
  STORAGE(INITIAL 65536 NEXT 1048576 MINEXTENTS 1 MAXEXTENTS 2147483645
  PCTINCREASE 0 FREELISTS 1 FREELIST GROUPS 1 BUFFER_POOL DEFAULT FLASH_CACHE DEFAULT CELL_FLASH_CACHE DEFAULT)
  TABLESPACE "SYSTEM"  ENABLE, 
	 CONSTRAINT "ALBA_OPEN_WORKPLACE_FK" FOREIGN KEY ("WORKPLACE_ORD")
	  REFERENCES "ALBA_WORKPLACE" ("ORDINAL") ON DELETE CASCADE ENABLE
   ) SEGMENT CREATION IMMEDIATE 
  PCTFREE 10 PCTUSED 40 INITRANS 1 MAXTRANS 255 NOCOMPRESS LOGGING
  STORAGE(INITIAL 65536 NEXT 1048576 MINEXTENTS 1 MAXEXTENTS 2147483645
  PCTINCREASE 0 FREELISTS 1 FREELIST GROUPS 1 BUFFER_POOL DEFAULT FLASH_CACHE DEFAULT CELL_FLASH_CACHE DEFAULT)
  TABLESPACE "SYSTEM"
--------------------------------------------------------
--  DDL for Table ALBA_USER
--------------------------------------------------------

  CREATE TABLE "ALBA_USER" 
   (	"USERID" VARCHAR2(100) NOT NULL ENABLE, 
	"EMAIL" VARCHAR2(100) NOT NULL ENABLE, 
	"PASSWD_RAW" VARCHAR2(100) NOT NULL ENABLE, 
	"EXPRNAME" VARCHAR2(100) NOT NULL ENABLE, 
	"USERTYPE" NUMBER(2,0) NOT NULL ENABLE, 
	"CREATED_AT" VARCHAR2(32) DEFAULT TO_CHAR(CURRENT_TIMESTAMP, 'YYYY-MM-DD HH24:MI:SS TZH:TZM') NOT NULL ENABLE, 
	 CONSTRAINT "USER_PK" PRIMARY KEY ("USERID")
  USING INDEX PCTFREE 10 INITRANS 2 MAXTRANS 255 COMPUTE STATISTICS 
  STORAGE(INITIAL 65536 NEXT 1048576 MINEXTENTS 1 MAXEXTENTS 2147483645
  PCTINCREASE 0 FREELISTS 1 FREELIST GROUPS 1 BUFFER_POOL DEFAULT FLASH_CACHE DEFAULT CELL_FLASH_CACHE DEFAULT)
  TABLESPACE "SYSTEM"  ENABLE, 
	 CONSTRAINT "USER_EMAIL_UNIQUE" UNIQUE ("EMAIL")
  USING INDEX PCTFREE 10 INITRANS 2 MAXTRANS 255 COMPUTE STATISTICS 
  STORAGE(INITIAL 65536 NEXT 1048576 MINEXTENTS 1 MAXEXTENTS 2147483645
  PCTINCREASE 0 FREELISTS 1 FREELIST GROUPS 1 BUFFER_POOL DEFAULT FLASH_CACHE DEFAULT CELL_FLASH_CACHE DEFAULT)
  TABLESPACE "SYSTEM"  ENABLE
   ) SEGMENT CREATION IMMEDIATE 
  PCTFREE 10 PCTUSED 40 INITRANS 1 MAXTRANS 255 NOCOMPRESS LOGGING
  STORAGE(INITIAL 65536 NEXT 1048576 MINEXTENTS 1 MAXEXTENTS 2147483645
  PCTINCREASE 0 FREELISTS 1 FREELIST GROUPS 1 BUFFER_POOL DEFAULT FLASH_CACHE DEFAULT CELL_FLASH_CACHE DEFAULT)
  TABLESPACE "SYSTEM"
--------------------------------------------------------
--  DDL for Table ALBA_WORKPLACE
--------------------------------------------------------

  CREATE TABLE "ALBA_WORKPLACE" 
   (	"ORDINAL" NUMBER NOT NULL ENABLE, 
	"ENT_ID" VARCHAR2(100) NOT NULL ENABLE, 
	"REGISTER_ID" VARCHAR2(100) NOT NULL ENABLE, 
	"NAME" VARCHAR2(100) NOT NULL ENABLE, 
	"GEO" VARCHAR2(300) NOT NULL ENABLE, 
	"TEL" VARCHAR2(20) NOT NULL ENABLE, 
	 CONSTRAINT "ALBA_WORKPLACE_PK" PRIMARY KEY ("ENT_ID", "REGISTER_ID")
  USING INDEX PCTFREE 10 INITRANS 2 MAXTRANS 255 COMPUTE STATISTICS 
  STORAGE(INITIAL 65536 NEXT 1048576 MINEXTENTS 1 MAXEXTENTS 2147483645
  PCTINCREASE 0 FREELISTS 1 FREELIST GROUPS 1 BUFFER_POOL DEFAULT FLASH_CACHE DEFAULT CELL_FLASH_CACHE DEFAULT)
  TABLESPACE "SYSTEM"  ENABLE, 
	 CONSTRAINT "ALBA_WORKPLACE_ORD_UNIQUE" UNIQUE ("ORDINAL")
  USING INDEX PCTFREE 10 INITRANS 2 MAXTRANS 255 COMPUTE STATISTICS 
  STORAGE(INITIAL 65536 NEXT 1048576 MINEXTENTS 1 MAXEXTENTS 2147483645
  PCTINCREASE 0 FREELISTS 1 FREELIST GROUPS 1 BUFFER_POOL DEFAULT FLASH_CACHE DEFAULT CELL_FLASH_CACHE DEFAULT)
  TABLESPACE "SYSTEM"  ENABLE, 
	 CONSTRAINT "ALBA_WORKPLACE_ENT_FK" FOREIGN KEY ("ENT_ID")
	  REFERENCES "ALBA_ENT" ("USERID") ON DELETE CASCADE ENABLE
   ) SEGMENT CREATION IMMEDIATE 
  PCTFREE 10 PCTUSED 40 INITRANS 1 MAXTRANS 255 NOCOMPRESS LOGGING
  STORAGE(INITIAL 65536 NEXT 1048576 MINEXTENTS 1 MAXEXTENTS 2147483645
  PCTINCREASE 0 FREELISTS 1 FREELIST GROUPS 1 BUFFER_POOL DEFAULT FLASH_CACHE DEFAULT CELL_FLASH_CACHE DEFAULT)
  TABLESPACE "SYSTEM"
REM INSERTING into ALBA_ENT
SET DEFINE OFF;
Insert into ALBA_ENT (USERID,BUSINESSID,CONTACT) values ('da','906-76-09735','010-555-965');
Insert into ALBA_ENT (USERID,BUSINESSID,CONTACT) values ('ty53','038-77-26354','010-555-733');
Insert into ALBA_ENT (USERID,BUSINESSID,CONTACT) values ('sara','478-16-64936','010-555-304');
Insert into ALBA_ENT (USERID,BUSINESSID,CONTACT) values ('je10','161-32-03034','010-555-273');
Insert into ALBA_ENT (USERID,BUSINESSID,CONTACT) values ('will','558-44-44167','010-555-229');
REM INSERTING into ALBA_OPEN
SET DEFINE OFF;
Insert into ALBA_OPEN (ORDINAL,WORKPLACE_ORD,TITLE,DES,PAY,OPEN_FROM,OPEN_UNTIL,STATUS,NPEER) values (7,0,'공부방에서 선생님을 모집합니다','공부방에서 선생님을 모집합니다. 어렵지 않고요, 초보도 가능합니다. 전화주세요',10600,'2024-11-05 12:40:02 +09:00','2024-11-12 12:40:02 +09:00',1,1);
Insert into ALBA_OPEN (ORDINAL,WORKPLACE_ORD,TITLE,DES,PAY,OPEN_FROM,OPEN_UNTIL,STATUS,NPEER) values (8,1,'[TY식당] 홀서빙 모집','신입 사절합니다.',10600,'2024-11-05 12:40:02 +09:00','2024-11-12 12:40:02 +09:00',1,0);
Insert into ALBA_OPEN (ORDINAL,WORKPLACE_ORD,TITLE,DES,PAY,OPEN_FROM,OPEN_UNTIL,STATUS,NPEER) values (9,1,'[TY식당] 주방보조 모집','신입 사절합니다.',10600,'2024-11-05 12:40:02 +09:00','2024-11-12 12:40:02 +09:00',1,0);
Insert into ALBA_OPEN (ORDINAL,WORKPLACE_ORD,TITLE,DES,PAY,OPEN_FROM,OPEN_UNTIL,STATUS,NPEER) values (10,2,'mq주점에서 같이 일하실 가족분 모집합니다.','장기근무자 우대',10600,'2024-11-05 12:40:02 +09:00','2024-11-12 12:40:02 +09:00',1,0);
Insert into ALBA_OPEN (ORDINAL,WORKPLACE_ORD,TITLE,DES,PAY,OPEN_FROM,OPEN_UNTIL,STATUS,NPEER) values (11,3,'BBB 편의점 ZZZZ지점 평일 (월, 화) 오전 모집','장기근무 가능한 분 연락주세요',10600,'2024-11-05 12:40:02 +09:00','2024-11-12 12:40:02 +09:00',1,1);
Insert into ALBA_OPEN (ORDINAL,WORKPLACE_ORD,TITLE,DES,PAY,OPEN_FROM,OPEN_UNTIL,STATUS,NPEER) values (12,3,'BBB 편의점 ZZZZ지점 평일 (목, 금) 야간 모집','장기근무 가능한 분 연락주세요',10600,'2024-11-05 12:40:02 +09:00','2024-11-12 12:40:02 +09:00',1,1);
Insert into ALBA_OPEN (ORDINAL,WORKPLACE_ORD,TITLE,DES,PAY,OPEN_FROM,OPEN_UNTIL,STATUS,NPEER) values (13,3,'BBB 편의점 ZZZZ지점 주말 (토, 일) 야간 모집','장기근무 가능한 분 연락주세요',10600,'2024-11-05 12:40:02 +09:00','2024-11-12 12:40:02 +09:00',1,1);
Insert into ALBA_OPEN (ORDINAL,WORKPLACE_ORD,TITLE,DES,PAY,OPEN_FROM,OPEN_UNTIL,STATUS,NPEER) values (14,4,'BBB 편의점 YYYY지점 평일 야간 모집','오래 하실분 구합니다. 경력 환영',10600,'2024-11-05 12:40:02 +09:00','2024-11-12 12:40:02 +09:00',1,0);
Insert into ALBA_OPEN (ORDINAL,WORKPLACE_ORD,TITLE,DES,PAY,OPEN_FROM,OPEN_UNTIL,STATUS,NPEER) values (15,5,'[CCC로지스틱스]PPP캠프에서 배송 기사님을 모집합니다','이력서 없이도, 내일 바로 출근가능!!! 오로지 CCC로지스틱스에서만!!',10600,'2024-11-05 12:40:02 +09:00','2024-11-12 12:40:02 +09:00',1,10);
Insert into ALBA_OPEN (ORDINAL,WORKPLACE_ORD,TITLE,DES,PAY,OPEN_FROM,OPEN_UNTIL,STATUS,NPEER) values (16,5,'[CCC로지스틱스]PPP캠프 물류 관리자님을 모집합니다','이력서 없이도, 내일 바로 출근가능!!! 오로지 CCC로지스틱스에서만!!',10600,'2024-11-05 12:40:02 +09:00','2024-11-12 12:40:02 +09:00',1,1);
Insert into ALBA_OPEN (ORDINAL,WORKPLACE_ORD,TITLE,DES,PAY,OPEN_FROM,OPEN_UNTIL,STATUS,NPEER) values (17,6,'[CCC로지스틱스]QQQ캠프에서 배송 기사님을 모집합니다','이력서 없이도, 내일 바로 출근가능!!! 오로지 CCC로지스틱스에서만!!',10600,'2024-11-05 12:40:02 +09:00','2024-11-12 12:40:02 +09:00',1,10);
Insert into ALBA_OPEN (ORDINAL,WORKPLACE_ORD,TITLE,DES,PAY,OPEN_FROM,OPEN_UNTIL,STATUS,NPEER) values (18,6,'[CCC로지스틱스]QQQ캠프 물류 관리자님을 모집합니다','이력서 없이도, 내일 바로 출근가능!!! 오로지 CCC로지스틱스에서만!!',10600,'2024-11-05 12:40:02 +09:00','2024-11-12 12:40:02 +09:00',1,1);
REM INSERTING into ALBA_USER
SET DEFINE OFF;
Insert into ALBA_USER (USERID,EMAIL,PASSWD_RAW,EXPRNAME,USERTYPE,CREATED_AT) values ('user','user@example.com','1234','User',1,'2024-11-04 14:18:14 +09:00');
Insert into ALBA_USER (USERID,EMAIL,PASSWD_RAW,EXPRNAME,USERTYPE,CREATED_AT) values ('me','me@example.com','qqqq','Me',1,'2024-11-04 14:16:54 +09:00');
Insert into ALBA_USER (USERID,EMAIL,PASSWD_RAW,EXPRNAME,USERTYPE,CREATED_AT) values ('da','jessica.davis39@example.com','oGa7v6vx','Davis',2,'2024-11-05 11:56:29 +09:00');
Insert into ALBA_USER (USERID,EMAIL,PASSWD_RAW,EXPRNAME,USERTYPE,CREATED_AT) values ('ty53','michael.taylor513@example.com','67UqrXGW','Michael',2,'2024-11-05 11:56:29 +09:00');
Insert into ALBA_USER (USERID,EMAIL,PASSWD_RAW,EXPRNAME,USERTYPE,CREATED_AT) values ('sara','sarah.wilson704@example.com','0Vfxx8da','Sarah',2,'2024-11-05 11:56:29 +09:00');
Insert into ALBA_USER (USERID,EMAIL,PASSWD_RAW,EXPRNAME,USERTYPE,CREATED_AT) values ('je10','jessica.miller352@example.com','quBk2hKO','Jessica',2,'2024-11-05 11:56:29 +09:00');
Insert into ALBA_USER (USERID,EMAIL,PASSWD_RAW,EXPRNAME,USERTYPE,CREATED_AT) values ('will','michael.williams644@example.com','aodKHVOu','Williams',2,'2024-11-05 11:56:29 +09:00');
Insert into ALBA_USER (USERID,EMAIL,PASSWD_RAW,EXPRNAME,USERTYPE,CREATED_AT) values ('faker','t1@example.com','1111111','Name',1,'2024-11-05 15:10:47 +09:00');
REM INSERTING into ALBA_WORKPLACE
SET DEFINE OFF;
Insert into ALBA_WORKPLACE (ORDINAL,ENT_ID,REGISTER_ID,NAME,GEO,TEL) values (0,'da','901-66-28838','공부방','aaaa, aaaaaa, aaa, aaaaaaaa','1-555-7372');
Insert into ALBA_WORKPLACE (ORDINAL,ENT_ID,REGISTER_ID,NAME,GEO,TEL) values (1,'ty53','491-38-27104','TY식당','ttt, tttttttttt, ttt, tttt','1-555-1804');
Insert into ALBA_WORKPLACE (ORDINAL,ENT_ID,REGISTER_ID,NAME,GEO,TEL) values (2,'sara','693-19-08952','mq주점','mmm, mmmmm, mmmmmmm','1-555-6672');
Insert into ALBA_WORKPLACE (ORDINAL,ENT_ID,REGISTER_ID,NAME,GEO,TEL) values (3,'je10','745-73-47691','BBB 편의점 ZZZZ지점','zzzz, zzzzzz, zzzzzzzzz, zzzz','1-555-9649');
Insert into ALBA_WORKPLACE (ORDINAL,ENT_ID,REGISTER_ID,NAME,GEO,TEL) values (4,'je10','609-77-61241','BBB 편의점 YYYY지점','yyyy, yyyyyy, yyyyyyyyyy, yyy','1-555-5289');
Insert into ALBA_WORKPLACE (ORDINAL,ENT_ID,REGISTER_ID,NAME,GEO,TEL) values (5,'will','064-17-86098','CCC로지스틱스 PPP캠프','ppp, pppppp, ppppppppppppp','1-555-2080');
Insert into ALBA_WORKPLACE (ORDINAL,ENT_ID,REGISTER_ID,NAME,GEO,TEL) values (6,'will','749-79-76579','CCC로지스틱스 QQQ캠프','qqq, qqqqqq, qqqqqqqqqq','1-555-5808');
--------------------------------------------------------
--  DDL for Index ALBA_EMPLOYER_PK
--------------------------------------------------------

  CREATE UNIQUE INDEX "ALBA_EMPLOYER_PK" ON "ALBA_ENT" ("USERID") 
  PCTFREE 10 INITRANS 2 MAXTRANS 255 COMPUTE STATISTICS 
  STORAGE(INITIAL 65536 NEXT 1048576 MINEXTENTS 1 MAXEXTENTS 2147483645
  PCTINCREASE 0 FREELISTS 1 FREELIST GROUPS 1 BUFFER_POOL DEFAULT FLASH_CACHE DEFAULT CELL_FLASH_CACHE DEFAULT)
  TABLESPACE "SYSTEM"
--------------------------------------------------------
--  DDL for Index ALBA_EMPLOYER_UNIQUE
--------------------------------------------------------

  CREATE UNIQUE INDEX "ALBA_EMPLOYER_UNIQUE" ON "ALBA_ENT" ("BUSINESSID") 
  PCTFREE 10 INITRANS 2 MAXTRANS 255 COMPUTE STATISTICS 
  STORAGE(INITIAL 65536 NEXT 1048576 MINEXTENTS 1 MAXEXTENTS 2147483645
  PCTINCREASE 0 FREELISTS 1 FREELIST GROUPS 1 BUFFER_POOL DEFAULT FLASH_CACHE DEFAULT CELL_FLASH_CACHE DEFAULT)
  TABLESPACE "SYSTEM"
--------------------------------------------------------
--  DDL for Index ALBA_OPEN_PK
--------------------------------------------------------

  CREATE UNIQUE INDEX "ALBA_OPEN_PK" ON "ALBA_OPEN" ("ORDINAL") 
  PCTFREE 10 INITRANS 2 MAXTRANS 255 COMPUTE STATISTICS 
  STORAGE(INITIAL 65536 NEXT 1048576 MINEXTENTS 1 MAXEXTENTS 2147483645
  PCTINCREASE 0 FREELISTS 1 FREELIST GROUPS 1 BUFFER_POOL DEFAULT FLASH_CACHE DEFAULT CELL_FLASH_CACHE DEFAULT)
  TABLESPACE "SYSTEM"
--------------------------------------------------------
--  DDL for Index USER_PK
--------------------------------------------------------

  CREATE UNIQUE INDEX "USER_PK" ON "ALBA_USER" ("USERID") 
  PCTFREE 10 INITRANS 2 MAXTRANS 255 COMPUTE STATISTICS 
  STORAGE(INITIAL 65536 NEXT 1048576 MINEXTENTS 1 MAXEXTENTS 2147483645
  PCTINCREASE 0 FREELISTS 1 FREELIST GROUPS 1 BUFFER_POOL DEFAULT FLASH_CACHE DEFAULT CELL_FLASH_CACHE DEFAULT)
  TABLESPACE "SYSTEM"
--------------------------------------------------------
--  DDL for Index USER_EMAIL_UNIQUE
--------------------------------------------------------

  CREATE UNIQUE INDEX "USER_EMAIL_UNIQUE" ON "ALBA_USER" ("EMAIL") 
  PCTFREE 10 INITRANS 2 MAXTRANS 255 COMPUTE STATISTICS 
  STORAGE(INITIAL 65536 NEXT 1048576 MINEXTENTS 1 MAXEXTENTS 2147483645
  PCTINCREASE 0 FREELISTS 1 FREELIST GROUPS 1 BUFFER_POOL DEFAULT FLASH_CACHE DEFAULT CELL_FLASH_CACHE DEFAULT)
  TABLESPACE "SYSTEM"
--------------------------------------------------------
--  DDL for Index ALBA_WORKFIELD_PK
--------------------------------------------------------

  CREATE UNIQUE INDEX "ALBA_WORKFIELD_PK" ON "ALBA_WORKPLACE" ("ENT_ID", "REGISTER_ID") 
  PCTFREE 10 INITRANS 2 MAXTRANS 255 COMPUTE STATISTICS 
  STORAGE(INITIAL 65536 NEXT 1048576 MINEXTENTS 1 MAXEXTENTS 2147483645
  PCTINCREASE 0 FREELISTS 1 FREELIST GROUPS 1 BUFFER_POOL DEFAULT FLASH_CACHE DEFAULT CELL_FLASH_CACHE DEFAULT)
  TABLESPACE "SYSTEM"
--------------------------------------------------------
--  DDL for Index ALBA_WORKFIELD_UK1
--------------------------------------------------------

  CREATE UNIQUE INDEX "ALBA_WORKFIELD_UK1" ON "ALBA_WORKPLACE" ("ORDINAL") 
  PCTFREE 10 INITRANS 2 MAXTRANS 255 COMPUTE STATISTICS 
  STORAGE(INITIAL 65536 NEXT 1048576 MINEXTENTS 1 MAXEXTENTS 2147483645
  PCTINCREASE 0 FREELISTS 1 FREELIST GROUPS 1 BUFFER_POOL DEFAULT FLASH_CACHE DEFAULT CELL_FLASH_CACHE DEFAULT)
  TABLESPACE "SYSTEM"
--------------------------------------------------------
--  Constraints for Table ALBA_ENT
--------------------------------------------------------

  ALTER TABLE "ALBA_ENT" ADD CONSTRAINT "ALBA_ENT_UNIQUE" UNIQUE ("BUSINESSID")
  USING INDEX PCTFREE 10 INITRANS 2 MAXTRANS 255 COMPUTE STATISTICS 
  STORAGE(INITIAL 65536 NEXT 1048576 MINEXTENTS 1 MAXEXTENTS 2147483645
  PCTINCREASE 0 FREELISTS 1 FREELIST GROUPS 1 BUFFER_POOL DEFAULT FLASH_CACHE DEFAULT CELL_FLASH_CACHE DEFAULT)
  TABLESPACE "SYSTEM"  ENABLE
  ALTER TABLE "ALBA_ENT" ADD CONSTRAINT "ALBA_ENT_PK" PRIMARY KEY ("USERID")
  USING INDEX PCTFREE 10 INITRANS 2 MAXTRANS 255 COMPUTE STATISTICS 
  STORAGE(INITIAL 65536 NEXT 1048576 MINEXTENTS 1 MAXEXTENTS 2147483645
  PCTINCREASE 0 FREELISTS 1 FREELIST GROUPS 1 BUFFER_POOL DEFAULT FLASH_CACHE DEFAULT CELL_FLASH_CACHE DEFAULT)
  TABLESPACE "SYSTEM"  ENABLE
  ALTER TABLE "ALBA_ENT" MODIFY ("CONTACT" NOT NULL ENABLE)
  ALTER TABLE "ALBA_ENT" MODIFY ("BUSINESSID" NOT NULL ENABLE)
  ALTER TABLE "ALBA_ENT" MODIFY ("USERID" NOT NULL ENABLE)
--------------------------------------------------------
--  Constraints for Table ALBA_OPEN
--------------------------------------------------------

  ALTER TABLE "ALBA_OPEN" MODIFY ("NPEER" NOT NULL ENABLE)
  ALTER TABLE "ALBA_OPEN" ADD CONSTRAINT "ALBA_OPEN_PK" PRIMARY KEY ("ORDINAL")
  USING INDEX PCTFREE 10 INITRANS 2 MAXTRANS 255 COMPUTE STATISTICS 
  STORAGE(INITIAL 65536 NEXT 1048576 MINEXTENTS 1 MAXEXTENTS 2147483645
  PCTINCREASE 0 FREELISTS 1 FREELIST GROUPS 1 BUFFER_POOL DEFAULT FLASH_CACHE DEFAULT CELL_FLASH_CACHE DEFAULT)
  TABLESPACE "SYSTEM"  ENABLE
  ALTER TABLE "ALBA_OPEN" MODIFY ("STATUS" NOT NULL ENABLE)
  ALTER TABLE "ALBA_OPEN" MODIFY ("OPEN_UNTIL" NOT NULL ENABLE)
  ALTER TABLE "ALBA_OPEN" MODIFY ("OPEN_FROM" NOT NULL ENABLE)
  ALTER TABLE "ALBA_OPEN" MODIFY ("PAY" NOT NULL ENABLE)
  ALTER TABLE "ALBA_OPEN" MODIFY ("DES" NOT NULL ENABLE)
  ALTER TABLE "ALBA_OPEN" MODIFY ("TITLE" NOT NULL ENABLE)
  ALTER TABLE "ALBA_OPEN" MODIFY ("WORKPLACE_ORD" NOT NULL ENABLE)
  ALTER TABLE "ALBA_OPEN" MODIFY ("ORDINAL" NOT NULL ENABLE)
--------------------------------------------------------
--  Constraints for Table ALBA_USER
--------------------------------------------------------

  ALTER TABLE "ALBA_USER" ADD CONSTRAINT "USER_EMAIL_UNIQUE" UNIQUE ("EMAIL")
  USING INDEX PCTFREE 10 INITRANS 2 MAXTRANS 255 COMPUTE STATISTICS 
  STORAGE(INITIAL 65536 NEXT 1048576 MINEXTENTS 1 MAXEXTENTS 2147483645
  PCTINCREASE 0 FREELISTS 1 FREELIST GROUPS 1 BUFFER_POOL DEFAULT FLASH_CACHE DEFAULT CELL_FLASH_CACHE DEFAULT)
  TABLESPACE "SYSTEM"  ENABLE
  ALTER TABLE "ALBA_USER" ADD CONSTRAINT "USER_PK" PRIMARY KEY ("USERID")
  USING INDEX PCTFREE 10 INITRANS 2 MAXTRANS 255 COMPUTE STATISTICS 
  STORAGE(INITIAL 65536 NEXT 1048576 MINEXTENTS 1 MAXEXTENTS 2147483645
  PCTINCREASE 0 FREELISTS 1 FREELIST GROUPS 1 BUFFER_POOL DEFAULT FLASH_CACHE DEFAULT CELL_FLASH_CACHE DEFAULT)
  TABLESPACE "SYSTEM"  ENABLE
  ALTER TABLE "ALBA_USER" MODIFY ("USERTYPE" NOT NULL ENABLE)
  ALTER TABLE "ALBA_USER" MODIFY ("CREATED_AT" NOT NULL ENABLE)
  ALTER TABLE "ALBA_USER" MODIFY ("EXPRNAME" NOT NULL ENABLE)
  ALTER TABLE "ALBA_USER" MODIFY ("PASSWD_RAW" NOT NULL ENABLE)
  ALTER TABLE "ALBA_USER" MODIFY ("EMAIL" NOT NULL ENABLE)
  ALTER TABLE "ALBA_USER" MODIFY ("USERID" NOT NULL ENABLE)
--------------------------------------------------------
--  Constraints for Table ALBA_WORKPLACE
--------------------------------------------------------

  ALTER TABLE "ALBA_WORKPLACE" MODIFY ("TEL" NOT NULL ENABLE)
  ALTER TABLE "ALBA_WORKPLACE" MODIFY ("GEO" NOT NULL ENABLE)
  ALTER TABLE "ALBA_WORKPLACE" ADD CONSTRAINT "ALBA_WORKPLACE_ORD_UNIQUE" UNIQUE ("ORDINAL")
  USING INDEX PCTFREE 10 INITRANS 2 MAXTRANS 255 COMPUTE STATISTICS 
  STORAGE(INITIAL 65536 NEXT 1048576 MINEXTENTS 1 MAXEXTENTS 2147483645
  PCTINCREASE 0 FREELISTS 1 FREELIST GROUPS 1 BUFFER_POOL DEFAULT FLASH_CACHE DEFAULT CELL_FLASH_CACHE DEFAULT)
  TABLESPACE "SYSTEM"  ENABLE
  ALTER TABLE "ALBA_WORKPLACE" ADD CONSTRAINT "ALBA_WORKPLACE_PK" PRIMARY KEY ("ENT_ID", "REGISTER_ID")
  USING INDEX PCTFREE 10 INITRANS 2 MAXTRANS 255 COMPUTE STATISTICS 
  STORAGE(INITIAL 65536 NEXT 1048576 MINEXTENTS 1 MAXEXTENTS 2147483645
  PCTINCREASE 0 FREELISTS 1 FREELIST GROUPS 1 BUFFER_POOL DEFAULT FLASH_CACHE DEFAULT CELL_FLASH_CACHE DEFAULT)
  TABLESPACE "SYSTEM"  ENABLE
  ALTER TABLE "ALBA_WORKPLACE" MODIFY ("NAME" NOT NULL ENABLE)
  ALTER TABLE "ALBA_WORKPLACE" MODIFY ("REGISTER_ID" NOT NULL ENABLE)
  ALTER TABLE "ALBA_WORKPLACE" MODIFY ("ENT_ID" NOT NULL ENABLE)
  ALTER TABLE "ALBA_WORKPLACE" MODIFY ("ORDINAL" NOT NULL ENABLE)
--------------------------------------------------------
--  Ref Constraints for Table ALBA_ENT
--------------------------------------------------------

  ALTER TABLE "ALBA_ENT" ADD CONSTRAINT "ALBA_ENT_USER_FK" FOREIGN KEY ("USERID")
	  REFERENCES "ALBA_USER" ("USERID") ON DELETE CASCADE ENABLE
--------------------------------------------------------
--  Ref Constraints for Table ALBA_OPEN
--------------------------------------------------------

  ALTER TABLE "ALBA_OPEN" ADD CONSTRAINT "ALBA_OPEN_WORKPLACE_FK" FOREIGN KEY ("WORKPLACE_ORD")
	  REFERENCES "ALBA_WORKPLACE" ("ORDINAL") ON DELETE CASCADE ENABLE
--------------------------------------------------------
--  Ref Constraints for Table ALBA_WORKPLACE
--------------------------------------------------------

  ALTER TABLE "ALBA_WORKPLACE" ADD CONSTRAINT "ALBA_WORKPLACE_ENT_FK" FOREIGN KEY ("ENT_ID")
	  REFERENCES "ALBA_ENT" ("USERID") ON DELETE CASCADE ENABLE
